store_sk,store_id,country,city,store_name,number_of_employees,zip_code,latitude,longitude,_created_at,_updated_at
1,29,España,Sevilla,Store Sevilla,8,41001,37.3906,-5.9879,2026-01-20T09:16:41.035Z,2026-01-20T09:16:41.035Z
2,24,France,Toulouse,Store Toulouse,8,31000,43.6047,1.4442,2026-01-20T09:16:41.035Z,2026-01-20T09:16:41.035Z
3,15,Deutschland,Frankfurt am Main,Store Frankfurt am Main,10,60311,50.1145,8.6785,2026-01-20T09:16:41.035Z,2026-01-20T09:16:41.035Z
4,20,United Kingdom,Bristol,Store Bristol,7,BS1 1AA,51.4545,-2.5879,2026-01-20T09:16:41.035Z,2026-01-20T09:16:41.035Z
5,21,France,Paris,Store Paris,7,75000,48.8656,2.343,2026-01-20T09:16:41.035Z,2026-01-20T09:16:41.035Z
